id,name_hu,name_en,locality,region,type,category,difficulty,distance_km,duration_min,elevation_gain_m,intro,highlights,access_notes,opening_info,ticket_info,website,phone,latitude,longitude,photo,map_link,status,last_verified,photo_source,lat,lon
balederics-rem-kastely,Balatonlederics rém kastély,,Balatonederics,Észak,Belepos,POI,Könnyű,,,,"„ Ide figyelj, ha nem félsz egy kis borzongástól: a Fekete-kastély valóságos helyszíne a Balaton legvadabb legendáinak! Ebben az épületben egymást érték a tragédiák: árulások, gyilkosság, sorozatos öngyilkosságok, sőt, még egy nemzetközi kettős ügynök is megfordult a falai között. Bár ma már elhanyagolt, a sűrű parkban sétálva szinte hallani a régmúlt drámai eseményeinek suttogását. Ha szereted a titkokat és a történelmi rejtélyeket, ne hagyd ki a Balaton legmisztikusabb, fekete özvegyéről elhíresült helyszínét!”",,,Szezonális; indulás előtt érdemes ellenőrizni.,Belépős látnivaló; az aktuális árak a helyszínen elérhetők.,,,,,,,to-verify,2025-10-06,,,
bszemes-mindszent-palos-kolostor,Balatonszemes mindszent pálos kolostor,,Balatonszemes,Dél,Poi,Rom/Vár,Közepes,,,,"„ Képzeld el, ahogy itt sétálsz a falak között, ahol évszázadokkal ezelőtt még fehér ruhás szerzetesek gyűjtöttek gyógynövényeket. A romok között bolyongva szinte hallani a régmúlt idők moraját. Tökéletes helyszín egy kis romantikus borzongásra és történelmi nyomozásra, mintha egy Indiana Jones film főszereplője lennél! Ne felejtsd el megkeresni a legszebb fotópontot a boltívek alatt!”",,,,,,,,,,,to-verify,2025-10-06,,,
salfold-palos-kolostor-kotenger,"Salföld pálos kolostor, kőtenger",,Salföld,Észak,Poi,Rom/Vár,Közepes,,,,"„ A Salföldi Kőtenger sziklái olyanok, mintha egy óriás a Balatonból szedte volna össze a kavicsokat, majd szerteszórta volna. Csodálatos, misztikus formák, amik a képzeletedre bízzák, mit látsz bennük: sárkányt, teknőst vagy egy elvarázsolt várat. Mindezek mellett itt találod a környék legszebb fekvésű kolostorromját is, ami csak még jobban alátámasztja a táj különleges, varázslatos hangulatát. Készen állsz a geológiai nyomozásra?”",,,,,,,,,,,to-verify,2025-10-06,,,
fulei-szoborpark,Fülei szoborpark,,Füle,Kelet,Poi,Szobor/Emlékhely,Könnyű,,,,"„ Lépj be a fülei meseparkba, ahol a fák között váratlanul szobrok bukkannak fel, mintha a természet hívta volna őket életre. Ez nem egy unalmas tárlat, hanem egy szabad ég alatti, kreatív játszótér! Engedd szabadjára a fantáziádat, és találj ki történeteket a furcsa formákhoz. Ha szerencséd van, még az alkotóval is összefuthatsz!”",,,,,,,,,,,to-verify,2025-10-06,,,
balamadi-kezfogas-europa-szoborpark,Balatonalmádi kézfogás Európa szoborpark,,Balatonalmádi,Észak,Poi,Szobor/Emlékhely,Könnyű,,,,"„ Itt aztán tényleg kéz a kézben jár az európai egység! A szoborpark a különböző nemzetek művészeinek alkotásait gyűjti össze, egy vidám kulturális kavalkádot kínálva a Balaton partján. Sétálj végig a ""barátság sugárútján"", és ismerkedj meg a külföldi tehetségek által formált, néha vicces, néha elgondolkodtató figurákkal. Tökéletes helyszín a nemzetközi szelfikhez!”",,,,,,,,,,,to-verify,2025-10-06,,,
cinege-forras,Cinege-forrás,,Siófok,Kelet,Poi,Forrás,Könnyű,,,,"„ Ki ne szeretne egy helyet, ahol a cinegék éneke kíséri a forrás csobogását? Ez a forrás a frissesség és a nyugalom szigete az erdő közepén. Hidd el, a vize olyan tiszta és hűs, mintha a legmélyebb erdő rejtette volna. Töltsd fel a kulacsod, és élvezd a békés erdei hangulatot, mintha tündérmesébe csöppentél volna. »",,,,,,,,,,,to-verify,2025-10-06,,,
keszthely-fenyves-alle-keszthely,Keszthely fenyves alle,,Keszthely,Nyugat,Poi,POI,Könnyű,,,,"„ A Fenyves allé olyan, mint egy zöld alagút, ami egyenesen a mesés Festetics-kastélyhoz vezet. A fák felett magasan összeboruló lombkorona egy hűsítő, zöld kupolát alkot, ami még a legmelegebb nyári napokon is kellemes sétaélményt nyújt. Gyere és sétálj egyet a grófi idők romantikus hangulatában, mintha egy 19. századi filmstúdióban lennél!”",,,,,,,,,,,to-verify,2025-10-06,,,
helikon-park,Helikon park,,Keszthely,Nyugat,Poi,Park/Sétány,Könnyű,,,,"„ Keszthely városának ékköve, ahol szobrok és szökőkutak versengenek a legszebb látványért. Ez a park nem csak egy egyszerű zöld terület, hanem egy történelmi és irodalmi emlékhely is, ahol a fák alatt sétálva a régi költők szellemével találkozhatsz. Keress egy padot, és élvezd a tökéletes nyugalmat a Balaton közelében. Ideális helyszín egy elmélyült olvasásra vagy egy titkos randira.”",,,,,,,,,,,to-verify,2025-10-06,,,
keszthelyi-festetics-kastely-keszthely,Keszthelyi Festetics-kastély,,Keszthely,Nyugat,Belepos,POI,Könnyű,,,,"„ A Balaton talán legmesésebb kastélya, ahol a pompa és a történelem találkozik! Készülj fel egy igazi hercegnői/hercegi élményre, hiszen a kastély egykor a Festetics család otthona volt, és a bálok, a vadászatok és a titkos szerelmek színtere. Ne hagyd ki a lenyűgöző könyvtárat, ami maga a tudás temploma, és sétálj egyet a hatalmas, angol stílusú parkban!”",,,Szezonális; indulás előtt érdemes ellenőrizni.,Belépős látnivaló; az aktuális árak a helyszínen elérhetők.,,,,,,,to-verify,2025-10-06,,,
keszthely-agancs-totem-keszthely,Keszthely Agancs totem,,Keszthely,Nyugat,Poi,Szobor/Emlékhely,Könnyű,,,,"„ Ez a monumentális totem nem csak egy szobor, hanem a helyi vadászkultúra és a természet tiszteletének jelképe. Az agancsokból készült alkotás a Balaton-felvidéki erdők gazdagságát hirdeti, egyedi és fotogén látványt nyújtva a város közepén. Próbáld meg megszámolni, hány agancsot használtak fel hozzá – jó kis fejtörő lesz!”",,,,,,,,,,,to-verify,2025-10-06,,,
magyar-mezogazdasagi-muzeum-es-konyvtar-georgikon-majortorteneti-kiallitohely,Magyar Mezőgazdasági Múzeum és Könyvtár Georgikon Majortörténeti Kiállítóhely,,Keszthely,Nyugat,Belepos,Múzeum,Könnyű,,,,"„ Lépj vissza az időben, és fedezd fel, milyen volt az élet egy igazi grófi majorban! Ez a múzeum igazi paradicsom a régi mezőgazdasági gépek és az állattartás iránt érdeklődőknek. Itt nem csak nézelődhetsz, hanem a régi szakmákba is belekóstolhatsz, és megismerheted a Festetics család birtokának gazdálkodási titkait.”",,,Szezonális; indulás előtt érdemes ellenőrizni.,Belépős látnivaló; az aktuális árak a helyszínen elérhetők.,,,,,,,to-verify,2025-10-06,,,
festetics-imre-elmenykozpont,Festetics Imre Élményközpont,,Gyenesdiás,Észak,Poi,POI,Könnyű,,,,"„ Ha te is imádod a természetfilmeket, akkor ez a hely neked való! Az élményközpont a Balaton-felvidék vadvilágát mutatja be interaktív módon, ahol a medvék, szarvasok és más állatok szinte életre kelnek. Ideális program gyerekekkel, de a felnőttek is bepillanthatnak a környék vadregényes titkaiba.”",,,,,,,,,,,to-verify,2025-10-06,,,
gyenesdias-regi-kobanya-gyenesdias,Gyenesdiás Régi kőbánya,,Gyenesdiás,Nyugat,Poi,POI,Könnyű,,,,"„ Egy rejtett kincs a dombok között, ahol a természet visszahódította magának a területet. A régi kőbánya ma már egy csendes, meghitt pihenőhely, ahonnan fantasztikus kilátás nyílik a Balatonra. A meredek sziklafalak között felfedezheted a környék geológiai történetét is. A tökéletes helyszín egy kényelmes piknikhez!”",,,,,,,,,,,to-verify,2025-10-06,,,
gyenesdias-fenykereszt-gyenesdias,Gyenesdiás fénykereszt,,Gyenesdiás,Nyugat,Poi,Szobor/Emlékhely,Könnyű,,,,"„ Ez a szokatlan, modern kereszt nem csak egy vallási jelkép, hanem egy különleges kilátópont is. A Balatonra néző Fénykereszt éjszaka is fénylik, mint egy távoli világítótorony, és különleges hangulatot teremt a sötétben. Ne hagyd ki, ha egy igazán spirituális, de modern kilátást szeretnél megörökíteni.”",,,,,,,,,,,to-verify,2025-10-06,,,
vonyarcvashegy-zenit-kilatopont-vonyarcvashegy,Vonyarcvashegy Zenit Kilátópont,,Vonyarcvashegy,Nyugat,Poi,Kilátó,Könnyű,,,,"„ A Zenit Kilátópont egy olyan pont, ahol garantáltan leesik az állad a panorámától! Ez az elegáns kilátóhely a Balaton nyugati medencéjének egyik legszebb helyén fekszik. Ideális a naplementék és a romantikus pillanatok megörökítésére.”",,,,,,,,,,,to-verify,2025-10-06,,,
bel-matyas-kilato,Bél Mátyás-kilátó,,Balatongyörök,Észak,Poi,Kilátó,Könnyű,,,,"„ Lépj fel a Bél Mátyás-kilátóba, és nézz körül a 'Balaton nyugati térképe' felett. A kilátó a térség egyik legmagasabb pontján áll, ahonnan beláthatod az egész Keszthelyi-öblöt. Egy igazi bakancslistás hely, ha a Balatont madártávlatból szeretnéd megcsodálni!”",,,,,,,,,,,to-verify,2025-10-06,,,
bgyorok-szepkilato,Balatongyörök Szépkilátó,,Balatongyörök,Észak,Poi,Kilátó,Könnyű,,,,"„ A nevében is benne van, hogy itt a panoráma a lényeg! A Szépkilátó az egyik legismertebb és legfotózottabb kilátóhely a Balatonnál. A Keszthelyi-hegység és a tó találkozása varázslatos látványt nyújt.”",,,,,,,,,,,to-verify,2025-10-06,,,
bgyorok-szerelemdomb,Balatongyörök Szerelemdomb,,Balatongyörök,Észak,Poi,POI,Könnyű,,,,"„ Neve mindent elárul: ez a hely a romantika fellegvára! Tökéletes helyszín a szerelmeseknek, ahol a Balaton kékje adja a díszletet a meghitt pillanatokhoz. Ki tudja, talán még leánykérések is történnek itt nap mint nap!”",,,,,,,,,,,to-verify,2025-10-06,,,
bgyorok-batsanyi-kilato,Balatongyörök Batsányi-kilátó,,Balatongyörök,Észak,Poi,Kilátó,Könnyű,,,,„ Batsányi János költő nevét viselő kilátó remek hely a táj szépségének élvezetéhez. A kilátóból Badacsony és a szigligeti vár látványa teszi teljessé a panorámát.”,,,,,,,,,,,to-verify,2025-10-06,,,
csodabogyos-barlang,Csodabogyós-barlang,,Balatonederics,Észak,Poi,Barlang,Nehéz,,,,"„ Készülj fel egy igazi föld alatti kalandra! A Csodabogyós-barlang a Keszthelyi-hegység legnagyobb barlangja, ahol sisakban, overallban fedezheted fel a föld mélyének titkait. Ne felejtsd, a barlangászás nem csak sport, hanem igazi időutazás a földtörténetbe!”",,,,,,,,,,,to-verify,2025-10-06,,,
afrika-muzeum,Afrika Múzeum,,Balatonederics,Észak,Belepos,Múzeum,Könnyű,,,,"„ Gondoltad volna, hogy a Balaton partján egy afrikai szavannába csöppenhetsz? Kittenberger Kálmán munkásságát bemutató múzeum, ami egy darab Afrikát hozott el Magyarországra. Trófeák, egzotikus állatok és a fekete kontinens hangulata vár itt.”",,,Szezonális; indulás előtt érdemes ellenőrizni.,Belépős látnivaló; az aktuális árak a helyszínen elérhetők.,,,,,,,to-verify,2025-10-06,,,
szigligeti-var,Szigligeti vár,,Szigliget,Észak,Belepos,Rom/Vár,Közepes,,,,"„ A Balaton talán legromantikusabb és legháborúsabb vára, ami egy vulkáni kúp tetején trónol. Mássz fel a vár falaira, és érezd magad a középkor bátor vitézének! A jutalmad a Balaton legszebb, 360 fokos panorámája lesz.”",,,Szezonális; indulás előtt érdemes ellenőrizni.,Belépős látnivaló; az aktuális árak a helyszínen elérhetők.,,,,,,,to-verify,2025-10-06,,,
ranolder-kereszt,Ranolder-kereszt,,Badacsonytomaj,Észak,Poi,Szobor/Emlékhely,Könnyű,,,,"„ A Badacsony szikláján álló Ranolder-kereszt egy igazi jelkép. Nem csak a kereszt látványa megkapó, hanem a mellőle nyíló panoráma is! Ha ide feljutottál, az már fél siker!”",,,,,,,,,,,to-verify,2025-10-06,,,
badacsony-bujdosok-lepcsoje-badacsony,Badacsony Bujdosók lépcsője,,Badacsonytördemic,Észak,Poi,POI,Közepes,,,,"„ Ezen a lépcsőn tényleg úgy érezheted magad, mint egy bujdosó, aki a hegy rejtekében keres menedéket. A kőből faragott, meredek lépcsősor a Badacsony rejtett kincseihez vezet. Csak túracipőben ajánlott!”",,,,,,,,,,,to-verify,2025-10-06,,,
kisfaludy-kilato,Kisfaludy-kilátó,,Badacsonytomaj,Észak,Poi,Kilátó,Könnyű,,,,"„ Badacsony csúcsán álló kilátó, ami Kisfaludy Sándor költő nevét viseli. Innen beláthatod a Balaton-felvidék legszebb tanúhegyeit és a Balatont is.”",,,,,,,,,,,to-verify,2025-10-06,,,
btomaj-banyavagat,Badacsonytomaj Bányavágat,,Badacsonytomaj,Észak,Poi,POI,Könnyű,,,,"„ A Bányavágat egy igazi geológiai érdekesség, a bazaltbányászat maradványa, ami ma már a természet által formált sziklafal.”",,,,,,,,,,,to-verify,2025-10-06,,,
btomaj-klastromkut,Badacsonytomaj Klastromkút,,Badacsonytomaj,Észak,Poi,POI,Könnyű,,,,"„ A Klastromkút egy békés forrás az erdő mélyén, ami a régi kolostorok emlékét őrzi. A hűs víz a forróságban igazi felüdülést nyújt.”",,,,,,,,,,,to-verify,2025-10-06,,,
nemesgulacs-kokapu-nemesgulacs,Nemesgulács Kőkapu,,Nemesgulács,Észak,Poi,POI,Könnyű,,,,"„ A Kőkapu egy hatalmas, természetes sziklaképződmény, ami valóban kapuszerűen áll. Ideális fotóhelyszín és a természet játékának bizonyítéka.”",,,,,,,,,,,to-verify,2025-10-06,,,
btomaj-kanonok-forras,Badacsonytomaj Kanonok forrás,,Badacsonytomaj,Észak,Poi,Forrás,Könnyű,,,,"„ A Kanonok forrás az erdő egy rejtett zuga, ahol a forrás vize csobog. A hely ideális a csendes pihenéshez.”",,,,,,,,,,,to-verify,2025-10-06,,,
btordemic-csaky-krisztina-pihenohely,Badacsonytördemic Csáky Krisztina pihenőhely,,Badacsonytödemic,Észak,Poi,POI,Könnyű,,,,"„ Egy kényelmes pihenőhely a Badacsony lábánál, Csáky Krisztina emlékére. Innen gyönyörű a kilátás a Balatonra.”",,,,,,,,,,,to-verify,2025-10-06,,,
folly-arboretum,Folly Arborétum,,Badacsonytomaj,Észak,Belepos,Arborétum,Könnyű,,,,"„ ’Az élő múzeum’, ahogy sokan nevezik. Itt a legritkább cédrusok, ciprusok és borókák illata keveredik a Balaton levegőjével. Ez a ""Balaton édenkertje"", ahol a fák mesélik a történeteket, és a kertészek munkája valódi művészet.”",,,Szezonális; indulás előtt érdemes ellenőrizni.,Belépős látnivaló; az aktuális árak a helyszínen elérhetők.,,,,,,,to-verify,2025-10-06,,,
folly-arboretum-kilatoja,Folly Arborétum kilátója,,Badacsonytomaj,Észak,Poi,Kilátó,Könnyű,,,,"„ Kússz fel az Arborétum kilátójára, és nézz körül a fák tengerében! A Balaton kékje és a zöld lombok találkozása felejthetetlen.”",,,,,,,,,,,to-verify,2025-10-06,,,
bagolyko-roka-szikla,Bagolykő-Róka-Szikla,,Ábrahámhegy,Észak,Poi,Szikla,Könnyű,,,,"„ Két különleges sziklaalakzat a hegyen, ami a nevével is rácsodálkozik a látogatóra. Keresd meg a Baglyot és a Róka formáját!”",,,,,,,,,,,to-verify,2025-10-06,,,
abrahamhegy-sagvari-forras-abrahamhegy,Ábrahámhegy Ságvári forrás,,Ábrahámhegy,Észak,Poi,Forrás,Könnyű,,,,"„ Egy apró, de annál frissebb forrás Ábrahámhegyen, ami a túrázók kedvenc megállója.”",,,,,,,,,,,to-verify,2025-10-06,,,
abrahamhegy-haranglab-abrahamhegy,Ábrahámhegy Harangláb,,Ábrahámhegy,Észak,Poi,POI,Könnyű,,,,"„ A helyi harangláb a település szívében áll, ami egy igazi falusi idillt teremt.”",,,,,,,,,,,to-verify,2025-10-06,,,
kovagoors-mosohaz-kovagoors,Kővágóörs Mosóház,,Kővágóörs,Észak,Poi,POI,Könnyű,,,,"„ A régi idők emlékét őrző mosóház, ahol egykor a helyi asszonyok mosással kapcsolatos pletykái is terjedtek. Egy kis történelmi nosztalgia.”",,,,,,,,,,,to-verify,2025-10-06,,,
fulop-hegyi-millenniumi-kilato,Fülöp-hegyi Millenniumi kilátó,,Révfülöp,Észak,Poi,Kilátó,Könnyű,,,,"„ Ez a kilátó valóban egy mérföldkő, hiszen a Millennium tiszteletére épült. A Balatonra néző panoráma innen lenyűgöző.”",,,,,,,,,,,to-verify,2025-10-06,,,
orvenyes-pan-forras-orvenyes,Örvényes Pán Forrás,,Örvényes,Észak,Poi,Forrás,Könnyű,,,,"„ A mitológiai Pán isten nevét viselő forrás egy rejtett, hűs zug Örvényesen. Ideális a túrázók felfrissülésére.”",,,,,,,,,,,to-verify,2025-10-06,,,
orvenyes-malommuzeum-orvenyes,Örvényes Malommúzeum,,Örvényes,Észak,Belepos,Múzeum,Könnyű,,,,"„ Az Örvényesi Malom egy működőképes malom, ahol a régi idők molnár életébe nyerhetsz bepillantást.”",,,Szezonális; indulás előtt érdemes ellenőrizni.,Belépős látnivaló; az aktuális árak a helyszínen elérhetők.,,,,,,,to-verify,2025-10-06,,,
nagyon-balaton-panoramakeret-aszofo-aszofo,Nagyon Balaton Panorámakeret Aszófő,,Aszófő,Észak,Poi,POI,Könnyű,,,,"„ A Balaton legújabb fotó-őrületének helyszíne! A hatalmas, stílusos keret úgy áll a tájban, mint egy festmény. Lődd a legtrendibb balatoni szelfidet a panorámakeretben!”",,,,,,,,,,,to-verify,2025-10-06,,,
kovesdi-templomrom,Kövesdi templomrom,,Aszófő,Észak,Poi,Rom/Vár,Közepes,,,,"„ A Kövesdi templomrom egy romantikus, középkori emlék. A falak között sétálva szinte hallani a régmúlt imáinak suttogását.”",,,,,,,,,,,to-verify,2025-10-06,,,
tihany-sajkodi-sor-8237-kilato-ortorony-mellett-tihany,"Tihany, Sajkodi sor, 8237 kilátó Őrtorony mellett",,Tihany,Észak,Poi,Kilátó,Könnyű,,,,"„ Egy rejtett gyöngyszem a Sajkodi soron, az Őrtorony közelében. A félsziget egyik legszebb, békés pontja.”",,,,,,,,,,,to-verify,2025-10-06,,,
tihany-sziklaterasz-tihany,Tihany Sziklaterasz,,Tihany,Észak,Poi,Szikla,Könnyű,,,,"„ A Sziklaterasz egy fantasztikus kilátópont, ahonnan a Balaton felé nyíló panoráma lenyűgöző. Ideális helyszín egy romantikus fotózáshoz.”",,,,,,,,,,,to-verify,2025-10-06,,,
tihanyi-oslevendulas-tihany,Tihanyi őslevendulás,,Tihany,Észak,Poi,POI,Könnyű,,,,"„ Lépj be a tihanyi levendula lila álmába, ahol a mező illata elkábít és a táj megszépít. Ideális helyszín, hogy elfelejtsd a mindennapok gondját!”",,,,,,,,,,,to-verify,2025-10-06,,,
csucs-hegyi-forrasbarlang,Csúcs-hegyi-forrásbarlang,,Tihany,Észak,Poi,Forrás,Nehéz,,,,"„ Egy igazi barlangász kaland Tihanyban, a forrásbarlang izgalmas felfedezőutat kínál.”",,,,,,,,,,,to-verify,2025-10-06,,,
gurbicza-teto-piheno,Gurbicza tető pihenő,,Tihany,Észak,Poi,POI,Könnyű,,,,"„ A Gurbicza tető egy csendes pihenőhely Tihanyban, ahol madárcsicsergésben pihenhetsz.”",,,,,,,,,,,to-verify,2025-10-06,,,
szelso-kopaszhegyi-lepcso,Szélső-Kopaszhegyi Lépcső,,Tihany,Észak,Poi,POI,Közepes,,,,"„ Egy lépcsősor, ami a Szélső-Kopaszhegyre vezet, és izzasztó, de megéri a fáradtságot.”",,,,,,,,,,,to-verify,2025-10-06,,,
akaszto-dombi-kilatopont,Akasztó-dombi kilátópont,,Tihany,Észak,Poi,Kilátó,Könnyű,,,,"„ Egy kilátópont Tihanyban, ahonnan fantasztikus kilátás nyílik a Balatonra.”",,,,,,,,,,,to-verify,2025-10-06,,,
ciprian-forras,Ciprián-forrás,,Tihany,Észak,Poi,Forrás,Könnyű,,,,"„ A Ciprián-forrás egy rejtett forrás az erdő mélyén, Tihanyban.”",,,,,,,,,,,to-verify,2025-10-06,,,
baratlakasok-tihany-tihany,Barátlakások Tihany,,Tihany,Észak,Poi,POI,Könnyű,,,,"„ A Barátlakások egy igazi történelmi rejtély! Ezek a sziklába vájt cellák a bencés remeték otthonai voltak. Képzeld el a szegényes életet, amit a barátok éltek a barlangokban, csak a Balatonra néző kilátás vigasztalta őket!”",,,,,,,,,,,to-verify,2025-10-06,,,
ovar-teto,Óvár-tető,,Tihany,Észak,Poi,Rom/Vár,Közepes,,,,"„ Az Óvár-tető egy régi földvár maradványa, ahonnan a Balatonra és a félszigetre nyíló panoráma lenyűgöző.”",,,,,,,,,,,to-verify,2025-10-06,,,
aranyhaz-gejzirkup-tihany-tihany,Aranyház gejzírkúp Tihany,,Tihany,Észak,Poi,POI,Könnyű,,,,"„ A gejzírek által létrehozott különleges kúp, ami a természet erejének bizonyítéka. A kúp tetején arany színű moha található.”",,,,,,,,,,,to-verify,2025-10-06,,,
kolodko-gomboc-artur-miniszobor,Kolodko: Gombóc Artúr miniszobor,,Tihany,Észak,Poi,Szobor/Emlékhely,Könnyű,,,,"„ A Balaton legédesebb titka! A Gombóc Artúr miniszobor Tihanyban rejtőzik, mint egy igazi csokiszakértő. Keresd meg a kis bronzfigurát, ami Kolodko Mihály művész humorát tükrözi!”",,,,,,,,,,,to-verify,2025-10-06,,,
tihanyi-bences-apatsag-tihany,Tihanyi Bencés Apátság,,Tihany,Észak,Poi,POI,Könnyű,,,,"„ Tihany koronája! Az apátság évszázadok óta őrzi a Balaton titkait. A tihanyi visszhang már nem működik úgy, mint régen, de a Balatonra nyíló panoráma és a templom gazdag történelme garantáltan visszahív!”",,,,,,,,,,,to-verify,2025-10-06,,,
ortorony-kilato-tihany-tihany,Őrtorony-kilátó Tihany,,Tihany,Észak,Poi,Kilátó,Könnyű,,,,"„ Kússz fel az Őrtorony-kilátóba, és nézz körül a Balatonra! A kilátó a tihanyi panoráma egyik legszebb pontja.”",,,,,,,,,,,to-verify,2025-10-06,,,
szaka-hegy,Száka-hegy,,Balatonfüred,Észak,Poi,POI,Könnyű,,,,"„ A Száka-hegy egy magaslat Tihanyban, ahonnan a Balatonra és a félszigetre nyíló panoráma lenyűgöző.”",,,,,,,,,,,to-verify,2025-10-06,,,
gapa-terasz-es-parkerdo,GAPA Terasz és Parkerdő,,Balatonfüred,Észak,Poi,Park/Sétány,Könnyű,,,,"„ A GAPA terasz egy modern kilátóhely, ahonnan a Balatonra és a Tihanyi-félszigetre nyíló panoráma lenyűgöző.”",,,,,,,,,,,to-verify,2025-10-06,,,
jokai-kilato-turistaosveny,Jókai-kilátó turistaösvény,,Balatonfüred,Észak,Poi,Kilátó,Könnyű,,,,"„ Jókai Mór író nevét viselő kilátó, ahonnan a Balaton és Balatonfüred látványa nyújt különleges élményt.”",,,,,,,,,,,to-verify,2025-10-06,,,
tamas-hegyi-kereszt,Tamás-hegyi kereszt,,Balatonfüred,Észak,Poi,Szobor/Emlékhely,Könnyű,,,,"„ A Tamás-hegyi kereszt egy jelkép Balatonfüreden, ahonnan a Balatonra nyíló panoráma lenyűgöző.”",,,,,,,,,,,to-verify,2025-10-06,,,
tagore-setany,Tagore sétány,,Balatonfüred,Észak,Poi,Park/Sétány,Könnyű,,,,„ A sétány a Balatonfüredi irodalmi élet központja. Itt sétálva a híres költők és írók szellemével találkozhatsz.”,,,,,,,,,,,to-verify,2025-10-06,,,
strenner-barlang,Strenner-barlang,,Csopak,Észak,Poi,Barlang,Nehéz,,,,"„ A Strenner-barlang egy kisebb barlang Balatonfüred közelében, ami a túrázók kedvenc megállója.”",,,,,,,,,,,to-verify,2025-10-06,,,
csakany-hegyi-kilato-gyalogos-feljarat,Csákány-hegyi kilátó gyalogos feljárat,,Paloznak,Észak,Poi,Kilátó,Könnyű,,,,"„ Aki felmászik a Csákány-hegyi kilátó gyalogos feljárat kilátóba, annak a tó teljes pompája nyílik meg.”",,,,,,,,,,,to-verify,2025-10-06,,,
paloznak-patakparti-setalo-paloznak,Paloznak Patakparti Sétáló,,Paloznak,Észak,Poi,POI,Könnyű,,,,"„ A Patakparti Sétáló egy békés sétaút Paloznakon, ahol a patak csobogása kíséri az utadat.”",,,,,,,,,,,to-verify,2025-10-06,,,
felsoors-miske-szikla-felsoors,Felsőörs Miske Szikla,,Felsőörs,Észak,Poi,Szikla,Könnyű,,,,"„ A Miske Szikla egy sziklás képződmény Felsőörsön, ahonnan a Balatonra nyíló panoráma lenyűgöző.”",,,,,,,,,,,to-verify,2025-10-06,,,
alsoors-vorosko-tanosveny-alsoors,Alsóörs Vöröskő tanösvény,,Alsóörs,Észak,Poi,Tanösvény,Könnyű,,,,"„ A Vöröskő tanösvény egy izgalmas sétaút Alsóörsön, ahol a vörös kövek adnak különleges színt a tájnak.”",,,,,,,,,,,to-verify,2025-10-06,,,
kaptalanfuredi-sziklak,Káptalanfüredi sziklák,,Alsóörs,Észak,Poi,POI,Könnyű,,,,"„ A Káptalanfüredi sziklák a Balaton partján állnak, ahonnan a tóra nyíló panoráma lenyűgöző.”",,,,,,,,,,,to-verify,2025-10-06,,,
kocsi-to-tanosveny,Köcsi-tó tanösvény,,Balatonalmádi,Észak,Poi,Tanösvény,Könnyű,,,,„ A Köcsi-tó tanösvény egy békés sétaút a Balatonfűzfői erdőben.”,,,,,,,,,,,to-verify,2025-10-06,,,
felsoors-geodeziai-merotorony-felmenni-nem-lehet-felsoors,Felsőörs Geodéziai Mérőtorony (felmenni nem lehet!),,Felsőörs,Észak,Poi,POI,Könnyű,,,,"„ Ez a mérőtorony a tudomány bástyája! Bár felmenni nem lehet rá, a lábánál állva is lenyűgöző a magassága. Gondolj bele, milyen elképesztő pontossággal mérhetik innen a Föld felszínét!”",,,,,,,,,,,to-verify,2025-10-06,,,
almadi-ovari-messzelato,Balatonalmádi Óvári Messzelátó,,Balatonalmádi,Észak,Poi,Kilátó,Könnyű,,,,"„ Az Óvári Messzelátó egy modern kilátó, ahonnan a Balaton keleti medencéjére nyíló panoráma lenyűgöző.”",,,,,,,,,,,to-verify,2025-10-06,,,
soos-hegyi-kilato,Soós-hegyi kilátó,,Balatonkenese,Kelet,Poi,Kilátó,Könnyű,,,,"„ A Soós-hegyi kilátó egy igazi gyöngyszem, ahonnan a Balatonra és a Veszprémi-fennsíkra nyíló panoráma lenyűgöző.”",,,,,,,,,,,to-verify,2025-10-06,,,
kenese-kisfaludy-kilato-magaspart,"Balatonkenese Kisfaludy kilátó, magaspart",,Balatonkenese,Kelet,Poi,Kilátó,Könnyű,,,,"„ A Kisfaludy kilátó a Kenesei magasparton áll, ahonnan a Balaton keleti medencéjére nyíló panoráma lenyűgöző.”",,,,,,,,,,,to-verify,2025-10-06,,,
akarattya-magaspart-balatonakarattya,Balatonakarattya Magaspart,,Balatonakarattya,Észak,Poi,POI,Könnyű,,,,„ A Magaspart a Balaton egyik legszebb természeti képződménye. A meredek sziklafalak alatt sétálva a Balaton végtelen kékjét csodálhatod.”,,,,,,,,,,,to-verify,2025-10-06,,,
kenese-kilato-utcai-kilatopont,Balatonkenese Kilátó utcai kilátópont,,Balatonkenese,Kelet,Poi,Kilátó,Könnyű,,,,"„ Egy rejtett kilátópont Balatonkenesén, a Kilátó utcában, ahonnan a Balatonra nyíló panoráma lenyűgöző.”",,,,,,,,,,,to-verify,2025-10-06,,,
balatonaliga-kadar-villa-balatonaliga,Balatonaliga Kádár villa,,Balatonaliga,Kelet,Poi,POI,Könnyű,,,,"„ A Kádár villa egy történelmi épület Balatonaligán, ami Kádár János nyaralója volt. Egy rejtett kincs a XX. századi történelemből, ami sok emléket ébreszt.”",,,,,,,,,,,to-verify,2025-10-06,,,
balatonaliga-rozsa-uti-kilato-balatonaliga,"Balatonaliga, Rózsa úti kilátó",,Balatonaliga,Kelet,Poi,Kilátó,Könnyű,,,,"„ A Rózsa úti kilátó Balatonaligán található, ahonnan a Balatonra nyíló panoráma lenyűgöző.”",,,,,,,,,,,to-verify,2025-10-06,,,
balatonvilagos-sohajok-hidja-balatonvilagos,Balatonvilágos Sóhajok hídja,,Balatonvilágos,Kelet,Poi,Híd,Könnyű,,,,"„ A Sóhajok hídja Balatonvilágos egyik jelképe, ami a Balatonra nyíló panorámájával csábít.”",,,,,,,,,,,to-verify,2025-10-06,,,
balatonvilagosi-millenniumi-emlekmu-balatonvilagos,Balatonvilágosi Millenniumi emlékmű,,Balatonvilágos,Kelet,Poi,Szobor/Emlékhely,Könnyű,,,,"„ A Balatonvilágosi Millenniumi emlékmű Balatonvilágos különleges hangulatot ad a sétának, érdemes megállni egy pillanatra.”",,,,,,,,,,,to-verify,2025-10-06,,,
balatonvilagos-mecsestarto-no-balatonvilagos,Balatonvilágos Mécsestartó nő,,Balatonvilágos,Kelet,Poi,POI,Könnyű,,,,„ Mihály Gábor 2007-ben felállított alkotását a Millenniumi Emlékparkban helyezték el. A szoborral a magyarságért és hazáért személyes áldozatot hozóknak állítanak emléket.”,,,,,,,,,,,to-verify,2025-10-06,,,
siofok-piheno-kilatopont-siofok,Siófok Pihenő kilátópont,,Siófok,Kelet,Poi,Kilátó,Könnyű,,,,"„ A Siófok Pihenő kilátópont Siófok tetejéről lélegzetelállító balatoni panoráma tárul fel, különösen naplementekor varázslatos.”",,,,,,,,,,,to-verify,2025-10-06,,,
szamasi-piheno,SzaMaSi pihenő,,Ádánd,Kelet,Poi,POI,Könnyű,,,,"„ a SzaMaSi pihenő egy kerékpárút vége. Egy csendes nyugvópont emlékkönyvvel, és Menő Manóval.”",,,,,,,,,,,to-verify,2025-10-06,,,
balatonkiliti-mederduzzaszto-balatonkiliti,Balatonkiliti mederduzzasztó,,Balatonkiliti,Kelet,Poi,POI,Könnyű,,,,"„ A mederduzzasztó egy mérnöki csoda, ami a Balaton vízszintjének szabályozásában játszik szerepet.”",,,,,,,,,,,to-verify,2025-10-06,,,
viztorony-siofok-siofok,"Víztorony, Siófok",,Siófok,Kelet,Belepos,POI,Könnyű,,,,"„ Siófok jelképe, ami messziről hirdeti a város nevét. Kússz fel a tetejére, és nézd meg a Balatont 360 fokban! »",,,Szezonális; indulás előtt érdemes ellenőrizni.,Belépős látnivaló; az aktuális árak a helyszínen elérhetők.,,,,,,,to-verify,2025-10-06,,,
szokokut-siofok-rozsakert-siofok,Szökőkút Siófok rózsakert,,Siófok,Kelet,Poi,POI,Könnyű,,,,"„ A siófoki kikötő Rózsakertjét az 1930-as években alakították ki. 2022-ben teljes körű felújításon esett át, melynek keretében a régi pergolát felújították és további új, modern rózsafuttató pergolák is elhelyezésre kerültek. Megújult a gyepszőnyeg és a parkban nevéhez méltóan 6000 tő rózsát telepítettek. A park további különlegessége a 6 darab mocsári ciprus. A díszkert és a parti sétány ékessége a közel 500 négyzetméteres központi szökőkúttér, ahol változatos magasságú vízsugarak játékában gyönyörködhetünk. A szökőkút különlegessége a 12 méter hosszan, íves formában a Balatonba futó vízsugár így séta közben egy vízi alagútban érezhetjük magunkat. A szökőkutat fény- és hangjáték teszi még érdekesebbé.”",,,,,,,,,,,to-verify,2025-10-06,,,
siofok-jokai-park-siofok,Siófok Jókai park,,Siófok,Kelet,Poi,Park/Sétány,Könnyű,,,,"„ Siófok legnagyobb és legpatinásabb parkja a második világháború után Dimitrov parkként várta a sétálni vágyókat. Az 1990-es évek elejétől Jókai Mór nevét viseli, 2006-ban teljes felújításon esett át. A park mind a négy évszakban mesés látványban részesíti a természet csendjét keresőket. Az árnyas fák alatt található kis tavon fahíd ível át, a park egyik szegletében pedig impozáns japánkert található, mely a romantikus környezetbe távol-keleti hangulatot varázsol.”",,,,,,,,,,,to-verify,2025-10-06,,,
egyhazas-zamard-emlekkereszt,Egyházas-Zamárd emlékkereszt,,Zamárdi,Kelet,Poi,Szobor/Emlékhely,Könnyű,,,,"„ Zamárdi határában, a Pusztai dűlőben áll Egyházas-Zamárd egykori temploma helyén az emlékkereszt. A keresztet az Egyesület Zamárdiért állíttatta az egykori szentegyház és szomorú sorsú ősök emlékére 1993 tavaszán.”",,,,,,,,,,,to-verify,2025-10-06,,,
balaton-szive-szobor-szerelmesek-hidja,"Balaton szíve-szobor, Szerelmesek hídja",,Zamárdi,Kelet,Poi,Szobor/Emlékhely,Könnyű,,,,"„ 2012 júniusa óta díszíti a Margó Ede sétányt zamárdi partján a Balaton szíve szobor. A szobrot és a körülötte lévő Balaton szíve teret is a Balatoni Játszadalom ideje alatt az emberek által a tóban megformált szív ihlette, tervezője Szentkúti Kiss Gábor.”",,,,,,,,,,,to-verify,2025-10-06,,,
zamardi-vaskereszt-zamardi,Zamárdi Vaskereszt,,Zamárdi,Kelet,Poi,Szobor/Emlékhely,Könnyű,,,,"„ A Vaskereszt Zamárdi egyik jelképe, ami a Balatonra nyíló panorámájával csábít.”",,,,,,,,,,,to-verify,2025-10-06,,,
ko-hegyi-kilato,Kő-hegyi-kilátó,,Zamárdi,Kelet,Poi,Kilátó,Könnyű,,,,"„ Az egykori apátsági présház helyére épült kilátó a déli part apró szőlőhegyének tetején áll. Mivel az épület pont szemben van a Tihanyi-félszigettel, tökéletes rálátást biztosít.”",,,,,,,,,,,to-verify,2025-10-06,,,
szamarko,Szamárkő,,Zamárdi,Kelet,Poi,POI,Könnyű,,,,"„ Zamárdi nyugati részén található az érdekes legendával övezett kedvelt kiránduló pont, a Szamárkő. A monda szerint erre járt Jézus Szűz Máriával és Szent Józseffel a gyermek egy szamárháton. A kőből egy fűcsomó állt ki, melybe a kő mellett elhaladva a szamár belekapott. Innen kapta a nevét. A kövön látható két nyom a legenda szerint pedig Jézus lábnyoma és a szamár patája nyoma. Régen azt vallották, hogy a követ Tihany egyik tűzhányója dobta ide, vagy a vízözönből maradt itt. A valóság azonban az, hogy a kő itt képződött egy vulkáni utóműködés során. A kőzet valójában a feltörő gőzök és gázok, a forró víz és az abban lévő ásványi anyagokból állt össze, melyben még megkövült csigák is láthatók.”",,,,,,,,,,,to-verify,2025-10-06,,,
molyhos-tolgy-pihenoterasz,Molyhos tölgy pihenőterasz,,Szántód,Kelet,Poi,POI,Könnyű,,,,"„ A Molyhos tölgy pihenőterasz különleges pont a Balaton körül, amely egyedi hangulatával hívogat.”",,,,,,,,,,,to-verify,2025-10-06,,,
allat-i-kert-szantod-szantod,Állat(i) kert Szántód,,Szántód,Kelet,Poi,POI,Könnyű,,,,"„ Az Állat(i) kert Szántód egy kisebb állatkert, ami a gyerekek kedvence.”",,,,,,,,,,,to-verify,2025-10-06,,,
galamb-sziget-itt-sok-sundiszno-van-sotetedes-utan,Galamb-sziget ,,Balatonföldvár,Kelet,Poi,POI,Könnyű,,,,"„ Az Földvári-öböl közepén zöldellő Galamb-sziget a Balaton egyetlen szigete, melyet nem a természet, hanem az ember alkotott, 1905-ben a kikötő mélyítéséből származó anyagból létesítették. A keleti hullámtörő gáttal kis híd köti össze. Sötétedés után is érdemes odalátogatni, sok süni kószál, félelmet nem ismerve.”",,,,,,,,,,,to-verify,2025-10-06,,,
teknos-park-koroshegy-koroshegy,Teknős park Kőröshegy,,Kőröshegy,Kelet,Poi,Park/Sétány,Könnyű,,,,"„ A Teknős Park Magyarország első és egyetlen látogatható teknős gyűjteménye a Balatonnál. Fél hektáros területén jelenleg 183 teknős él. Megcsodálhatod a különböző fajhoz tartozó teknősöket kicsiktől az óriásokig, felnőttektől az újszülöttekig, ragadozót ugyanúgy mint a növényevőt.”",,,,,,,,,,,to-verify,2025-10-06,,,
szechenyi-park-koroshegy-koroshegy,Széchenyi park Kőröshegy,,Kőröshegy,Kelet,Poi,Park/Sétány,Könnyű,,,,„ A tó közelében található eredeti állapotába helyreállított kétszintes kastély Széchenyi Zsigmond híres „vadászkastélya” volt. Az épület a XIV. században földszintes vendégfogadóként működött a délről és kelet-nyugati irányból érkező utak csomópontjában. A parkban található kastély a történelem viharairól suttog az oda érkezőnek.”,,,,,,,,,,,to-verify,2025-10-06,,,
boldogasszony-forraskut-emlekhelye-magaspart,"Boldogasszony Forráskút Emlékhelye, magaspart",,Balatonföldvár,Kelet,Poi,Forrás,Könnyű,,,,"„ A Boldogasszony Forráskút Emlékhelye, magaspart kristálytiszta vizével frissítő állomás a túrázóknak.”",,,,,,,,,,,to-verify,2025-10-06,,,
jozsef-attila-emlekhaz,József Attila Emlékház,,Balatonszárszó,Dél,Belepos,Múzeum,Könnyű,,,,"„ A balatonszárszói villasoron lévő, Európai Uniós forrásból 2012-ben megújt egykori Horváth-panzió ad otthont az új József Attila-kiállításnak. Ebben a házban töltötte utolsó napjait a súlyos betegségből lábadozó költő. 1937. december 3-án este innen indult arra a sétára, melyről nem tért többé vissza. 19 óra 35 perckor a balatonszárszói állomásról induló tehervonat halálra gázolta. A kiállítás a költő életének utolsó időszakát idézi fel, és abból visszatekintve állít emléket az egész életműnek a Petőfi Irodalmi Múzeum anyagából, valamint magántulajdonban lévő dokumentumok, fotók, tárgyak segítségével.”",,,Szezonális; indulás előtt érdemes ellenőrizni.,Belépős látnivaló; az aktuális árak a helyszínen elérhetők.,,,,,,,to-verify,2025-10-06,,,
the-spot-balatonlelle-balatonlelle,THE Spot Balatonlelle,,Balatonlelle,Dél,Poi,POI,Könnyű,,,,"„ A THE Spot Balatonlelle egy modern kilátóhely, ahonnan a Balatonra nyíló panoráma lenyűgöző.”",,,,,,,,,,,to-verify,2025-10-06,,,
balaton-csavargozos-muemlekhajo,Balaton Csavargőzös Műemlékhajó,,Balatonboglár,Dél,Belepos,Múzeum,Könnyű,,,,"„ Kevés olyan hajó van ma a Balatonon, aminek annyira kalandos élete van- volt, mint a Csavargőzösnek. 1873 óta szolgált a Balatonon és a Dunán, Magyarországon és Ausztriában. Hajtotta gőzgép és dízel motor. Sok tulajdonos üzemeltette számos szolgálati területen. 2012-ben Műemlék Hajó lett Balatonbogláron, ezentúl a balatoni gőzhajózást ismerteti meg az idelátogató vendégekkel.”",,,Szezonális; indulás előtt érdemes ellenőrizni.,Belépős látnivaló; az aktuális árak a helyszínen elérhetők.,,,,,,,to-verify,2025-10-06,,,
balatonboglar-gombkilato-balatonboglar,Balatonboglár Gömbkilátó,,Balatonboglár,Dél,Poi,Kilátó,Könnyű,,,,"„ A vulkanikus eredetű Várdomb csúcsán, 165 méteres magasságban áll Balatonboglár város talán legismertebb jelképe, látványossága a Gömbkilátó. Eredetileg a magyar alumíniumipar jelképeként mutatták be a Budapesti Nemzetközi Vásáron a belföldi idegenforgalom pavilonját, a „Magyar Atomium’’-ot, amely az 1958-as brüsszeli világkiállítás híres jelképének ihletésében épült Kádár István mérnök tervei alapján. Futurisztikus élmény, és csodálatos kilátás, ahonnan látható a Badacsony is Balatonkenese is.”",,,,,,,,,,,to-verify,2025-10-06,,,
fonyod-berek-vilaga-latogatokozpont-fonyod,Fonyód Berek Világa Látogatóközpont,,Fonyód,Dél,Belepos,POI,Könnyű,,,,"„ Egy hiánypótló létesítmény ökoturisztikai és infrastrukturális szempontból, ahol megismerkedhetnek a Dél-Balatoni berkek világával.”",,,Szezonális; indulás előtt érdemes ellenőrizni.,Belépős látnivaló; az aktuális árak a helyszínen elérhetők.,,,,,,,to-verify,2025-10-06,,,
fonyodi-palankvar-fonyod,Fonyódi palánkvár,,Fonyód,Dél,Poi,Rom/Vár,Közepes,,,,"„ A fonyódi Fácános vár egy középkori palánkvár. A Balaton déli partján található, Fonyód városához tartozik. A várban a középkori templom alapkövei és az XIX. században újraépített palánkok és a fából készült őrtornyok, illetve a vizesárkok maradványai találhatóak.”",,,,,,,,,,,to-verify,2025-10-06,,,
fonyod-trianoni-emlekhely-fonyod,Fonyód Trianoni emlékhely,,Fonyód,Dél,Poi,POI,Könnyű,,,,„ A Trianoni emlékhely a nemzeti összetartozás jelképe Fonyódon.”,,,,,,,,,,,to-verify,2025-10-06,,,
emese-alma-kilatohely,"Emese Álma , kilátóhely",,Fonyód,Dél,Poi,Kilátó,Könnyű,,,,"„ Egy kilátóhely Fonyódon, ami Emese álmáról szóló legendát idézi.”",,,,,,,,,,,to-verify,2025-10-06,,,
sipos-hegyi-kilato,Sipos-hegyi kilátó,,Fonyód,Dél,Poi,Kilátó,Könnyű,,,,"„ A Sipos-hegyi kilátó tetejéről lélegzetelállító balatoni panoráma tárul fel, különösen naplementekor varázslatos.”",,,,,,,,,,,to-verify,2025-10-06,,,
fonyod-bartok-bela-u-3-8640-setany-fonyod,"Fonyód, Bartók Béla u. 3, 8640. Sétány",,Fonyód,Dél,Poi,Park/Sétány,Könnyű,,,,„ A Szaplonczay sétány a Balaton legszebb panorámáját kínálja Fonyódon.”,,,,,,,,,,,to-verify,2025-10-06,,,
szaplonczay-setany-panorama-setany,"Szaplonczay sétány, Panoráma Sétány",,Fonyód,Dél,Poi,Park/Sétány,Könnyű,,,,„A Szaplonczay sétány a Balaton legszebb panorámáját kínálja Fonyódon. Csodálatos fák ölelésében költhetünk egy kellemes sétát.”,,,,,,,,,,,to-verify,2025-10-06,,,
fonyod-felsovar-fonyod,Fonyód Felsővár,,Fonyód,Dél,Poi,Rom/Vár,Közepes,,,,"„ Fonyód Felsővár a település történelmi emléke, ami a középkor harcaira emlékeztet.”",,,,,,,,,,,to-verify,2025-10-06,,,
balaton-fonyod-hill-park-fonyod,Balaton-Fonyod Hill Park,,Fonyod,Dél,Poi,Park/Sétány,Könnyű,,,,"„ A Balaton-Fonyód-hegyi Park fantasztikus úti cél a kutyatulajdonosok számára, akik barátságos környezetet keresnek szőrös barátaiknak. A Fonyódon található park festői kilátással és számos szolgáltatással büszkélkedhet, amelyek mind a kutyák, mind a gazdáik számára kielégítik a kényelmet. Kijelölt ülőhelyekkel és árnyékos helyekkel pihenhet, miközben kutyája élvezi a kutyabarát ösvényeket.”",,,,,,,,,,,to-verify,2025-10-06,,,
millennium-kereszt-fonyod-fonyod,Millennium-Kereszt Fonyód,,Fonyód,Dél,Poi,Szobor/Emlékhely,Könnyű,,,,"A Millennium-Kereszt Fonyód Fonyód különleges hangulatot ad a sétának, érdemes megállni egy pillanatra.",,,,,,,,,,,to-verify,2025-10-06,,,
balatonbereny-csicsergo-sziget-balatonbereny,Balatonberény Csicsergő-sziget,,Balatonberény,Dél,Poi,POI,Könnyű,,,,"„ Balatonberény helyi jelentőségű természetvédelmi területe a község keleti oldalán található 1,55 hektáros, az 1980-as évek partvédmű építése következtében mai formáját részben mesterségesen elnyerő Csicsergő-félsziget vagy – a Balaton vízállásától függően – sziget. Nevét a hagyomány szerint sokszínű madárvilágáról kapta. A jellemzően fűz-nyár ligetes, nádas, illetve gyepes terület”",,,,,,,,,,,to-verify,2025-10-06,,,
fenekpusztai-madargyuruzo-allomas-a-kilato-atmenetileg-zarva,Fenékpusztai Madárgyűrűző Állomás (a kilátó átmenetileg zárva!),,Keszthely,Nyugat,Poi,Kilátó,Könnyű,,,,„ Itt a madarak a főszereplők! A gyűrűző állomás a madárvilág titkait tárja fel.”,,,,,,,,,,,to-verify,2025-10-06,,,
